{"cameraMode":{"drawMode":0,"name":"Shaded","section":"Shading Mode"},"sceneLighting":true,"audioPlay":false,"sceneViewState":{"showFog":true,"showMaterialUpdate":false,"showSkybox":true,"showFlares":true,"showImageEffects":true,"showParticleSystems":true,"showVisualEffectGraphs":true,"m_FxEnabled":true},"in2DMode":false,"pivot":{"x":0.6841195821762085,"y":1.8833637237548829,"z":-1.4998283386230469},"rotation":{"x":0.7319803833961487,"y":-0.012260905466973782,"z":0.013177076354622841,"w":0.6810877919197083},"size":14.446667671203614,"orthographic":true}